last_name,first_name,email,phone
Dorricott,Clarabelle,cdorricottmy@un.org,101-351-3469
Celes,Kippie,kceles88@bloglovin.com,101-891-2309
Thirlwall,Lotte,lthirlwallni@auda.org.au,101-942-7111
Pettus,Winonah,wpettushp@epa.gov,102-191-5774
Berling,Farleigh,fberlinghu@blinklist.com,104-313-7660
Clemow,Kellby,kclemowan@theglobeandmail.com,104-516-4082
Strathearn,Elga,estrathearnp9@indiegogo.com,105-684-8297
Brant,Gayelord,gbrant5e@digg.com,106-335-7285
Flicker,Salomo,sflickercb@bizjournals.com,107-679-6540
Mount,Petr,pmount87@naver.com,108-682-3444
Tamsett,Jed,jtamsettg@nyu.edu,109-248-1150
Tighe,Tiffani,ttigheib@slate.com,110-191-1105
Teager,Ray,rteagerfv@tripod.com,110-448-1738
Stooke,Astrid,astookege@jalbum.net,112-286-5760
Hawk,Jemmy,jhawkio@devhub.com,112-916-6474
Dreus,Laverna,ldreusrn@wsj.com,113-112-2000
Miko,Barn,bmiko5j@cbsnews.com,113-734-6401
Rakes,Joletta,jrakes1b@dailymail.co.uk,114-111-5099
Amoss,Aurie,aamossoj@time.com,114-303-3245
Ragborne,Cheston,cragbornei0@blogtalkradio.com,116-558-6078
Thomas,Kerwin,kthomas36@tumblr.com,118-678-0323
Eustis,Mommy,meustisnz@squidoo.com,118-826-1117
Martynov,Fredrika,fmartynovi9@livejournal.com,119-442-3778
Titterell,Latrina,ltitterellpw@ifeng.com,120-961-1422
Godmar,Orazio,ogodmarln@newyorker.com,122-208-4178
Orme,Hank,horme6w@sbwire.com,124-374-1875
Patise,Myca,mpatiseet@storify.com,124-817-2346
Cleary,Dacey,dclearygb@yandex.ru,125-594-4433
Helliker,Hugues,hhelliker7i@purevolume.com,126-229-6696
Yearron,Lona,lyearronqf@csmonitor.com,129-195-8573
Elphinstone,Jeanelle,jelphinstonekj@istockphoto.com,130-635-3029
Munroe,Brittni,bmunroe8v@domainmarket.com,130-820-4696
Dowzell,Meggie,mdowzella8@bizjournals.com,130-830-1364
Bahike,Cordy,cbahikele@twitpic.com,130-859-0802
Martinson,Arlie,amartinsonf5@amazon.co.uk,131-262-7279
Parbrook,Hadrian,hparbrook7@omniture.com,132-549-9128
Tomson,Philomena,ptomsonj0@mlb.com,134-702-4228
Satterthwaite,Teodoro,tsatterthwaite6a@netlog.com,136-410-8311
Fairlamb,Stephanie,sfairlambfb@tmall.com,137-470-4883
Nethercott,Roosevelt,rnethercott4n@quantcast.com,138-521-7874
Noone,Riva,rnoonedk@arstechnica.com,138-889-9554
Pinard,Marlowe,mpinardja@marriott.com,139-386-0841
Cuddehay,Harbert,hcuddehay8u@slideshare.net,139-665-2894
Lias,Bertine,bliasp0@msn.com,140-111-6308
Ullyatt,Lionello,lullyattgh@theglobeandmail.com,141-778-2092
Boosey,Harley,hbooseydb@nydailynews.com,143-702-5061
Jayume,Zola,zjayumekz@livejournal.com,144-202-4017
Wilman,Aime,awilman9e@opera.com,145-246-0077
Deerr,Bobbi,bdeerrqm@ucsd.edu,147-993-2059
Sherwen,Selma,ssherwen5z@mit.edu,147-997-1475
Croker,Gretel,gcrokerl6@github.com,148-379-8999
Karpeev,Maud,mkarpeev14@abc.net.au,149-491-7289
Strand,Daphne,dstrandq@google.ca,151-659-6889
Brissenden,Cristabel,cbrissendenqd@miibeian.gov.cn,151-884-2136
Christophersen,Coraline,cchristophersen3d@cpanel.net,153-720-3042
Firbanks,Noella,nfirbanks8x@independent.co.uk,154-315-9776
McEnteggart,Pegeen,pmcenteggartkf@google.co.uk,156-732-2303
Halfacre,Dasha,dhalfacremo@ox.ac.uk,157-107-7886
Helliker,Denna,dhelliker1a@cornell.edu,157-226-9975
Gyppes,Georgina,ggyppes5q@biblegateway.com,157-863-6240
Faldoe,Marcy,mfaldoemj@jalbum.net,157-936-4787
Mumford,Susy,smumford1j@biblegateway.com,158-121-3604
McGerr,Silvana,smcgerr24@shareasale.com,158-266-2235
Gollard,Nissa,ngollardim@netscape.com,158-607-7930
Shoebridge,Tisha,tshoebridgera@bloglovin.com,159-289-7179
Cunniff,Liane,lcunniffir@netlog.com,162-864-8629
Boobyer,Netta,nboobyer3k@creativecommons.org,165-740-7393
Branney,Ana,abranneyng@virginia.edu,166-304-3007
Fidler,Corny,cfidleray@shutterfly.com,166-416-7762
Petric,Ellissa,epetric3y@gmpg.org,166-913-1775
Becaris,Lucky,lbecaris6r@epa.gov,168-571-1862
Dufall,Derick,ddufallj3@g.co,170-349-6178
Pomphrey,Jobye,jpomphreyqk@friendfeed.com,170-622-9809
MacDearmid,Lucas,lmacdearmidgo@cocolog-nifty.com,170-882-1194
Philippard,Rouvin,rphilippardn4@vistaprint.com,171-246-4651
McQuaid,Murial,mmcquaidhw@angelfire.com,172-629-4146
Canning,Laney,lcanningci@facebook.com,173-536-1328
Darnbrough,Marlo,mdarnbrough8k@chicagotribune.com,174-866-6129
Nield,Forester,fnield7c@163.com,174-916-2991
Witson,Neysa,nwitson2l@wikia.com,176-371-4444
Boldecke,Liv,lboldecke2x@abc.net.au,176-452-4506
Sotheby,Devon,dsothebyl4@time.com,176-908-6100
Costell,Katinka,kcostell62@vistaprint.com,179-320-3195
Pavel,Wilfrid,wpavelcf@facebook.com,179-689-9290
Trow,Tobit,ttrow26@hugedomains.com,180-628-5253
Sydall,Florence,fsydallnv@is.gd,181-157-1768
Capoun,Wyatt,wcapoun8p@cam.ac.uk,182-265-2259
Gellett,Brigitta,bgellett3j@cbsnews.com,182-600-9718
Mitchener,Letisha,lmitchener64@sfgate.com,182-650-2705
Piggen,Jeanne,jpiggenlb@tiny.cc,183-207-2225
Hodge,Ad,ahodged3@guardian.co.uk,183-940-6326
Malsher,Miran,mmalsherk0@whitehouse.gov,184-665-8418
Daber,Kesley,kdabermk@youtube.com,185-171-4554
Domenichini,Jaye,jdomenichinidl@ning.com,185-323-7814
Postill,Georgeanne,gpostilla4@npr.org,186-197-7456
Salvatore,Arleyne,asalvatoref@issuu.com,187-447-7055
O'Noland,Link,lonolandkn@businessweek.com,188-547-5356
Merington,Ileane,imeringtonbz@vkontakte.ru,189-604-7976
Matthiae,Maurise,mmatthiaer3@exblog.jp,190-268-0938
Mariotte,Hunt,hmariotte3o@apple.com,190-593-2098
Fattorini,Mahalia,mfattorini2z@cam.ac.uk,191-512-4015
Elfitt,Gualterio,gelfittob@istockphoto.com,191-543-5357
Chomicz,Madelene,mchomiczea@over-blog.com,194-155-0892
Creavin,Katha,kcreavinh@amazon.co.uk,194-503-6742
Ramage,Violetta,vramagedj@google.co.uk,194-591-5633
McGeouch,Emalee,emcgeouchey@mit.edu,194-870-9861
Southey,Ambrose,asouthey82@digg.com,195-543-9023
Powland,Rubia,rpowlandq2@google.nl,197-701-8096
Harper,Kelwin,kharperfr@exblog.jp,197-746-9580
Todari,Erich,etodari4x@gov.uk,200-727-6865
Brownbridge,Ronni,rbrownbridgei5@earthlink.net,201-302-3230
Alflatt,Mar,malflattgc@usgs.gov,201-538-7848
Yoslowitz,Rickie,ryoslowitzkt@blogger.com,202-571-5318
Goodricke,Brewster,bgoodrickeh5@statcounter.com,203-672-4623
Whardley,Eden,ewhardleyjb@java.com,203-931-2270
Landrick,Gayle,glandrickg1@aol.com,204-100-4441
Sommersett,Nicolas,nsommersettid@simplemachines.org,204-158-1778
Benford,Ly,lbenfordka@mail.ru,206-173-6997
Letcher,Milo,mletcherau@google.ca,207-614-3025
Philippeaux,Brendin,bphilippeauxf8@unesco.org,207-919-3186
Honnicott,Lawton,lhonnicottds@marriott.com,208-404-2511
Jendas,Sunshine,sjendas7w@webmd.com,208-593-4221
Sket,Edythe,esket6k@oracle.com,208-716-2978
Porcas,Reider,rporcaspb@utexas.edu,210-304-8726
Fiddiman,Carine,cfiddiman3i@live.com,211-151-5590
Piborn,Curtis,cpibornl1@hatena.ne.jp,212-331-6070
Lowndesbrough,Vida,vlowndesbrough34@live.com,212-745-7451
Vail,Sherwood,svail8h@last.fm,214-419-6586
Foldes,Michale,mfoldesn0@blogger.com,217-136-1272
Braiden,Alair,abraiden7a@canalblog.com,217-342-0628
Cereceres,Shaughn,scereceresmv@amazon.co.jp,218-382-8844
Grzelewski,Clio,cgrzelewski2@usgs.gov,219-111-1819
Redley,Adolphus,aredleyld@sohu.com,219-169-0040
Copson,Free,fcopsonog@ucsd.edu,219-429-5513
Consadine,Jamil,jconsadine38@accuweather.com,219-493-6923
Giovanni,Traver,tgiovannig8@nifty.com,220-708-4461
McParland,Ernst,emcparlandq3@geocities.com,221-174-9157
Dufaur,Corbie,cdufaur1k@geocities.jp,221-404-1615
Beeton,Kurt,kbeeton18@oaic.gov.au,222-597-3336
Mella,Robert,robM@gmail.com,2222222222
Pattesall,Ken,kpattesallcs@odnoklassniki.ru,223-164-5134
Uzielli,Pris,puzielli3u@mashable.com,223-320-4560
Hardway,Page,phardwayiy@engadget.com,224-315-1889
Cowitz,Cointon,ccowitzpo@naver.com,224-916-8073
McMeekin,Jillie,jmcmeekin80@mashable.com,225-957-2783
Bartlett,Ashlee,abartlettj6@scientificamerican.com,226-565-2176
Booth-Jarvis,Fifine,fboothjarvis1@buzzfeed.com,227-182-3273
Mitchenson,Norah,nmitchenson1p@kickstarter.com,227-946-2057
Leggate,Ryann,rleggate2h@virginia.edu,228-400-6485
Labern,Chase,claberncz@clickbank.net,230-604-8406
Mattityahou,Janaye,jmattityahoudf@twitpic.com,232-264-5661
Negri,Michal,mnegrink@scribd.com,232-413-1484
Hedling,Patrice,phedlingf9@auda.org.au,233-127-4115
Lafflina,Nonah,nlafflina52@addtoany.com,233-140-8734
Baylay,Goldarina,gbaylay2m@irs.gov,233-853-5154
Wisby,Chrisse,cwisbynt@cisco.com,234-335-7310
Counihan,Jed,jcounihan2u@fda.gov,235-860-6782
Udden,Cindra,cuddenha@mozilla.com,236-217-6749
Farady,Conrado,cfaradyek@loc.gov,236-657-6923
Lohde,Davie,dlohde59@gizmodo.com,238-557-6287
Elbourn,Melany,melbournh6@statcounter.com,238-818-0883
Coarser,Wood,wcoarser3v@geocities.com,239-214-2981
Russe,Christabel,crusse8z@google.ru,240-509-2340
Canby,Tiebout,tcanbyn5@kickstarter.com,241-203-6960
Brownsworth,Ursula,ubrownsworthfu@illinois.edu,241-279-8148
Farre,Brewer,bfarren1@mozilla.com,242-275-7037
Haddeston,Horatio,hhaddeston2b@domainmarket.com,242-487-3783
Lapping,Pennie,plappingck@about.com,242-644-7651
Dews,Hildy,hdewsff@last.fm,242-836-4343
Tyas,Matteo,mtyas4i@marriott.com,243-604-0709
Portch,Marcos,mportch6x@ucoz.com,246-463-7289
De L'Isle,Alford,adelislefm@nature.com,247-150-6045
Andor,Gabriella,gandoren@paypal.com,248-973-9247
Chastagnier,Peder,pchastagnierdg@t.co,249-779-6375
Gissing,Mireielle,mgissingpf@reference.com,249-865-9697
Unstead,Joycelin,junstead6s@networksolutions.com,249-999-4308
Cavee,Lisha,lcavee9@hud.gov,251-750-2176
Jakel,Chrystal,cjakeljn@tmall.com,252-171-1952
O'Beirne,Wildon,wobeirne63@bravesites.com,252-621-1429
Fuchs,Darrell,dfuchspr@parallels.com,257-622-1855
Teape,Kelci,kteape8e@usgs.gov,257-628-8463
Bartalini,Loria,lbartalinia7@disqus.com,260-589-9157
Derkes,Seumas,sderkesql@go.com,261-186-4765
Phetteplace,Francois,fphetteplaceo9@quantcast.com,262-317-1376
Diplock,Delcina,ddiplocko7@statcounter.com,265-982-6089
Makin,Perceval,pmakinlt@studiopress.com,266-259-0220
Owbrick,Pegeen,powbrickgj@mozilla.com,266-858-6154
Northridge,Xymenes,xnorthridge29@admin.ch,267-318-3340
Wheelton,Corabella,cwheeltoned@odnoklassniki.ru,267-479-1936
Savary,Bab,bsavaryqa@reference.com,267-926-5541
Florey,Lonny,lflorey8a@reddit.com,268-548-4991
Chown,Josias,jchownex@archive.org,269-654-7555
Garrigan,Sinclair,sgarriganc5@google.de,271-621-2764
Hamm,Amabelle,ahammqx@bloglovin.com,272-624-4656
Robker,Dicky,drobkernp@ucoz.ru,273-370-9592
Frogley,Delphine,dfrogleyjd@sourceforge.net,273-498-8830
Halfhyde,Yance,yhalfhydeip@phpbb.com,274-703-2764
Gouny,Stanton,sgounygv@dion.ne.jp,276-133-8907
Garaway,Ketti,kgaraway40@cnet.com,276-606-3286
Grills,Justine,jgrills3z@marketwatch.com,276-684-2959
Conichie,Ally,aconichiekm@bluehost.com,277-117-3892
Fitter,Steffane,sfitterjk@google.com,277-540-8926
Medforth,Joyann,jmedforthgz@eepurl.com,277-927-0348
Bourdon,Solomon,sbourdonmx@soup.io,278-390-8035
Sedman,Manon,msedmand0@chronoengine.com,278-961-2614
Sollam,Carlie,csollamgq@go.com,280-199-0024
Fere,Hersch,hfereba@cocolog-nifty.com,280-929-1339
Niesing,Eirena,eniesing56@qq.com,281-324-6647
Rowlett,Barnard,browlett5v@flickr.com,282-523-2034
Feronet,Amie,aferonetf2@uiuc.edu,283-548-9676
Jansens,Harley,hjansens8@networkadvertising.org,285-759-6100
Plant,Clair,cplanty@reverbnation.com,286-493-8746
Trillow,Winslow,wtrillowj1@forbes.com,287-454-4199
Saffen,Filia,fsaffenkc@oaic.gov.au,288-552-5025
Burgett,Mathe,mburgetth0@themeforest.net,290-105-9086
Skelington,Elbertine,eskelington6c@senate.gov,290-644-4598
Care,Jeniece,jcare4w@whitehouse.gov,290-911-8062
Tire,Nels,ntire28@time.com,291-208-0355
Lowers,Ingrim,ilowers66@comcast.net,291-406-3008
Jacobowitz,Addison,ajacobowitz1f@1688.com,292-624-3109
Salsberg,Davine,dsalsberghg@bloglovin.com,294-195-9269
Spykings,Andrea,aspykings9x@about.me,295-326-4154
Saenz,Catha,csaenz3q@sfgate.com,297-369-5132
Adnams,Jana,jadnamsa0@dion.ne.jp,297-990-9206
Polhill,Jemimah,jpolhillfh@marriott.com,300-664-4796
Joannic,Bondie,bjoannick1@webeden.co.uk,302-655-0413
Dulinty,Heddi,hdulintym4@cam.ac.uk,302-665-2556
Askham,Ambrosius,aaskhamo8@slate.com,302-689-3330
Chumley,Florina,fchumley9g@opera.com,302-827-0606
Yearn,Blakeley,byearnhe@vk.com,302-941-4691
Spadeck,Robby,rspadeckb3@merriam-webster.com,303-527-2884
Mandrier,Casie,cmandrier67@auda.org.au,303-643-9298
Jakucewicz,Isadora,ijakucewicza9@howstuffworks.com,303-895-8583
Maytom,Gabrielle,gmaytomgx@fotki.com,304-151-4310
Rockcliff,Danny,drockcliff8c@booking.com,304-915-9995
Robillart,Hedda,hrobillart51@tmall.com,306-659-4359
Skirvane,Casi,cskirvanel8@auda.org.au,307-144-6450
Burwood,Betsy,bburwoodk7@last.fm,308-251-3033
Borrell,Cleo,cborrellis@time.com,309-895-5156
Chattell,Lincoln,lchattellhm@mtv.com,310-233-0271
Wheatland,Milt,mwheatlandkx@last.fm,310-243-7781
Sixsmith,Horatius,hsixsmitheg@newsvine.com,310-566-2485
Cecchi,Raynell,rcecchi1r@devhub.com,310-922-1217
Spurdon,Shayne,sspurdonp5@latimes.com,311-320-0302
Heads,Bonita,bheads73@cbslocal.com,311-463-5604
Bonnor,Maggee,mbonnorq6@blogtalkradio.com,313-545-1589
Welfair,Boony,bwelfairg0@va.gov,315-248-4037
Fulham,Reeba,rfulham2i@chron.com,317-979-6958
Gradwell,Storm,sgradwell1x@hhs.gov,320-104-7563
Haddon,Ike,ihaddon5d@cbslocal.com,320-372-7165
McCoish,Wolfgang,wmccoishks@etsy.com,324-296-2131
Aggott,Joletta,jaggottlz@yellowpages.com,324-605-4431
Punton,Jacky,jpuntonb0@zdnet.com,325-437-1434
Jayne,Porter,pjayned1@va.gov,326-438-9000
Crowche,Dionne,dcrowche7d@europa.eu,326-762-6956
Geffcock,Joannes,jgeffcock5o@ihg.com,328-977-6872
Whittleton,Julianne,jwhittletond7@apache.org,329-554-9252
Orsman,Geoff,gorsmanqr@fda.gov,329-682-7184
Banker,Leisha,lbankerqh@google.co.jp,329-858-7257
Parlour,Chloette,cparlourms@hhs.gov,330-741-2405
Jollie,Jourdan,jjollie35@typepad.com,330-925-3654
Whistlecraft,Craggie,cwhistlecrafthd@google.de,331-680-1367
Newitt,Dacia,dnewitte@etsy.com,332-415-2865
Antal,Lane,lantal4p@dailymotion.com,332-724-1295
Reskelly,Darrelle,dreskellyav@microsoft.com,334-320-2275
Ashard,Priscella,pasharde8@sun.com,335-242-2231
Henricsson,Willem,whenricssonmw@parallels.com,336-117-6145
Buckhurst,Marya,mbuckhurstj@bing.com,336-834-3365
Kolodziej,Ericka,ekolodziej7l@myspace.com,338-975-4802
Maddrah,Paola,pmaddrahm0@storify.com,341-758-5450
McCosker,Lucian,lmccoskeref@mayoclinic.com,342-405-8426
Seaman,Issy,iseamanic@latimes.com,343-480-7384
Huggett,Perkin,phuggett84@t.co,344-850-6071
Dimbleby,Jamesy,jdimbleby3n@trellian.com,349-137-2088
Ausher,Garwin,gausherq8@last.fm,349-198-7249
Illston,Elinore,eillston7t@miibeian.gov.cn,353-768-4310
Gaudon,Carr,cgaudon7q@samsung.com,354-308-9416
Williment,Boone,bwilliment9n@wix.com,355-470-6012
Bumphrey,Lelia,lbumphrey1t@github.io,356-632-8675
Gallanders,Suzy,sgallandersi@seesaa.net,359-429-4814
Rosenbaum,Bradford,brosenbaum3c@sogou.com,360-126-7952
Taylerson,Augusto,ataylersongi@miibeian.gov.cn,360-980-0718
Sargood,Tremaine,tsargood6j@is.gd,361-360-2831
McFall,Eunice,emcfallpz@instagram.com,361-652-0005
Langmead,Avram,alangmeadg7@addthis.com,361-750-7368
Kerton,Petronella,pkertonqw@youtu.be,363-491-3036
Semeradova,Cathe,csemeradovagl@blinklist.com,363-801-0308
Cormode,Emmet,ecormodee6@ebay.co.uk,367-759-1516
Bartolic,Barbabra,bbartolicbp@nbcnews.com,367-955-1130
Damrell,Krystyna,kdamrellhi@accuweather.com,370-460-4082
Ugo,Douglas,dugonj@linkedin.com,371-406-6996
Evamy,Erena,eevamyjj@house.gov,373-208-3100
Striker,Shaylah,sstrikere9@dailymotion.com,373-272-9111
Dobney,Fionnula,fdobneyev@archive.org,373-513-5715
Balfour,Joanne,jbalfourpg@cnbc.com,376-511-4940
Ingram,Estelle,eingram8t@quantcast.com,376-933-7338
Edelheit,Carmine,cedelheitch@de.vu,377-504-1429
Showering,Nicko,nshoweringb4@biblegateway.com,379-836-0003
Bendare,Nester,nbendareh2@prlog.org,380-834-5157
Barnwill,Delores,dbarnwilljs@squarespace.com,380-892-5969
Goodread,Kamila,kgoodread6v@creativecommons.org,381-432-2730
Twycross,Woody,wtwycross8d@guardian.co.uk,382-682-7330
Inold,Honor,hinolde2@mashable.com,382-777-9719
Roff,Curry,croff8q@cocolog-nifty.com,382-902-8908
Pugsley,Hew,hpugsleyrk@about.com,383-699-2105
Moulsdall,Francklin,fmoulsdall4t@imdb.com,385-324-2964
O'Neil,Bibby,boneil2p@delicious.com,385-888-9712
Peacey,Nani,npeacey6p@creativecommons.org,388-644-5548
Yarwood,Minna,myarwooddd@usda.gov,391-159-8113
Neaverson,Gray,gneaversonr6@alexa.com,391-904-7433
Clayborn,Blanche,bclaybornqc@twitter.com,393-972-3245
Greasley,Marjy,mgreasleyl7@wp.com,394-341-2755
Stogill,Mervin,mstogill89@google.co.uk,397-645-4375
Colicot,Mano,mcolicot7s@businesswire.com,398-504-3491
Jenks,Dulcie,djenks8w@sohu.com,399-218-7513
Gorhardt,Martha,mgorhardtof@omniture.com,399-398-7041
Plomer,Eben,eplomer9u@toplist.cz,401-379-8793
Mylechreest,Tandi,tmylechreest5n@squidoo.com,401-736-6034
Thomsson,Ddene,dthomssonhn@admin.ch,402-835-2299
De Atta,Innis,ideattarg@gnu.org,403-225-2038
Canas,Julienne,jcanasbk@umn.edu,403-632-9518
Lyosik,Maurizia,mlyosik98@weebly.com,405-707-5576
Caspell,Welsh,wcaspell1s@edublogs.org,405-752-0594
Ransom,Levin,lransomcj@bloomberg.com,406-371-8099
Keyes,Uriel,ukeyesr@aboutads.info,407-607-6617
Esley,Packston,pesleym3@noaa.gov,407-676-3940
Stonestreet,Ernest,estonestreet7p@va.gov,409-950-1618
Lyte,Gwennie,glyteai@rambler.ru,412-509-8804
Moxley,Marmaduke,mmoxley3x@yahoo.co.jp,412-753-4180
Fesby,Reiko,rfesbymg@scribd.com,413-243-2780
Geall,Kilian,kgeall47@google.cn,416-114-6031
Kightly,Niels,nkightlyq7@indiegogo.com,416-332-8084
Barts,Rosene,rbarts5l@walmart.com,418-756-8988
Dougliss,Myrtie,mdouglissmz@examiner.com,419-180-3091
Brantzen,Kaiser,kbrantzenjh@mac.com,419-744-9822
Rheam,Kara,krheamih@dell.com,420-809-6496
Muldrew,Aileen,amuldrew8g@g.co,423-553-8263
Lattey,Obadias,olatteys@amazon.com,423-694-8899
Kobus,Heda,hkobus7r@npr.org,423-986-5734
Archbell,Prinz,parchbell83@symantec.com,424-505-9689
Spollen,Emmy,espollen95@reddit.com,425-356-4413
Stallon,Nady,nstallonpu@bbb.org,425-484-3449
Fust,Jose,jfusto6@delicious.com,425-789-5593
Stagg,Barbette,bstaggal@storify.com,425-796-0079
Guisby,Lizzy,lguisbypc@imageshack.us,426-984-1220
Morales,Davina,dmoralesz@4shared.com,427-321-1793
Swash,Beulah,bswash4d@youtube.com,428-632-0516
Bassill,Ericka,ebassilleq@tripadvisor.com,428-655-2749
Privost,Erick,eprivoste7@usnews.com,429-348-0455
Dederick,Lynea,ldedericknf@newsvine.com,430-948-2907
Craxford,Fergus,fcraxfordmd@accuweather.com,431-852-6601
Tidbury,Leesa,ltidburyhz@usa.gov,432-572-1948
Roddam,Dugald,droddambg@addthis.com,433-812-4320
Dobie,Adrian,adobiei6@squarespace.com,434-653-4202
Wedgbrow,Rubin,rwedgbrowbd@seattletimes.com,434-943-5752
Escalero,Anders,aescalero5r@addthis.com,435-696-5208
Langer,Ardys,alangerb9@ucoz.com,435-779-7989
McCaughran,Simone,smccaughranjg@instagram.com,438-695-8218
O'Collopy,Ansley,aocollopynw@umn.edu,438-948-6431
Dudney,Evonne,edudneya@edublogs.org,439-473-9823
Lohden,Luca,llohdeng9@last.fm,439-522-0989
Wiggins,Goldi,gwiggins70@etsy.com,440-767-9932
Zamora,Mira,mzamora50@jugem.jp,441-137-9774
Mathou,Delia,dmathouw@nasa.gov,442-398-2955
Clout,Rosalia,rcloutl2@deliciousdays.com,442-569-2294
Grob,Clarice,cgrob13@cmu.edu,443-164-5300
Esilmon,Westbrook,wesilmonh8@msu.edu,443-591-7690
Saunder,Kristos,ksaunderrh@loc.gov,444-514-5146
Willsmore,Theadora,twillsmore15@squarespace.com,445-174-5852
Cridlin,Elliott,ecridlinp2@toplist.cz,448-333-2909
Trytsman,Lem,ltrytsmannx@archive.org,448-351-0179
Reeken,Randell,rreekenh7@webnode.com,449-660-2484
Jumel,Simon,sjumeld4@prlog.org,449-660-7921
Shooter,Norah,nshooter7v@tumblr.com,452-122-7697
Trow,Minda,mtrow3p@marriott.com,452-418-9661
Caustick,Johnnie,jcaustickaa@jiathis.com,453-178-8291
Layhe,Alisander,alayhekh@intel.com,453-312-9559
Hugues,Dorelia,dhuguesrf@tinypic.com,453-406-9484
Harsant,Jarad,jharsantnq@paginegialle.it,453-806-7374
Woolvin,Keelby,kwoolvin2y@xrea.com,454-324-8539
Yandell,Kissie,kyandell5t@ustream.tv,455-139-6877
Anfossi,Sephira,sanfossir4@nymag.com,456-946-3486
Sibun,Tim,tsibun58@census.gov,457-320-5285
Broun,Clemmy,cbroun2k@google.cn,459-820-4272
Danilowicz,Mile,mdanilowiczpd@multiply.com,462-405-7052
Quaif,Henrie,hquaif4m@baidu.com,464-829-1020
Renals,Lazarus,lrenalsq1@constantcontact.com,465-395-8248
Montes,Olag,omontesmm@amazon.co.uk,466-544-4741
Ville,Marne,mvillerb@cdbaby.com,466-770-0579
Jouandet,Cherilyn,cjouandet55@abc.net.au,467-910-7047
Carswell,Etienne,ecarswelljc@ocn.ne.jp,467-946-5171
Yakushkev,Renell,ryakushkev5u@cam.ac.uk,468-831-0569
Schooley,Celie,cschooleylj@jimdo.com,471-229-3448
Hulland,Melosa,mhullandrl@parallels.com,474-197-1383
Claughton,Lorianna,lclaughtonc9@posterous.com,477-277-5665
McGenn,Antonino,amcgenn8o@earthlink.net,477-845-5691
Teese,Adelaida,ateese9i@ucoz.com,479-933-5659
Lapham,Celina,clapham7o@last.fm,480-554-5786
Geertz,Inge,igeertzdt@yahoo.com,481-381-9452
Bednall,Torrance,tbednallo2@hud.gov,482-447-7046
Gerbl,Gennifer,ggerblc7@mozilla.org,483-332-9037
Inkle,Rolf,rinkleg6@virginia.edu,487-991-3266
McElrath,Cory,cmcelrathhr@fastcompany.com,489-669-8701
McNae,Brandie,bmcnae2v@dion.ne.jp,490-373-9149
Morcombe,Arlyn,amorcombedq@nifty.com,490-852-1822
McVittie,Walker,wmcvittiep4@java.com,491-906-5314
MacDermid,Elaina,emacdermidfn@state.gov,492-314-4000
Greenroa,Ronica,rgreenroaeh@printfriendly.com,492-977-3974
Crilly,Koressa,kcrillydo@stanford.edu,493-522-3454
Duffie,Sherman,sduffiegd@princeton.edu,495-852-2381
Braunlein,Darn,dbraunlein9o@youku.com,495-969-8202
Legerwood,Granger,glegerwoodpn@skyrock.com,496-353-3402
Krout,Kathie,kkrout2j@sun.com,501-587-3805
Stitch,Norton,nstitchht@a8.net,502-653-8523
Oldred,Kaile,koldred2e@cocolog-nifty.com,502-973-8454
Arlow,Merna,marlowar@woothemes.com,503-226-5019
Grollmann,Chad,cgrollmann86@bandcamp.com,503-995-5556
Bellringer,Hogan,hbellringer4q@msu.edu,504-259-9251
Wix,Onida,owix7m@youtube.com,504-455-3439
Kinney,Clemente,ckinneycy@ezinearticles.com,505-545-5867
Spray,Vanda,vsprayo1@ca.gov,505-669-4530
Collacombe,Stan,scollacombe75@arizona.edu,505-768-0171
Jeanel,Lamond,ljeanel9w@quantcast.com,507-820-8112
Sarrell,Rusty,rsarrellax@state.tx.us,510-485-4006
Gartan,Jeniffer,jgartanmh@tamu.edu,510-621-7545
Ordish,Stu,sordish4z@ocn.ne.jp,511-276-5634
Tettley,Robert,rtettleyc@facebook.com,511-795-9812
Bonicelli,Layla,lbonicelli78@virginia.edu,512-137-3001
Poland,Mirelle,mpolandoe@nyu.edu,512-338-9541
Hekkert,Abner,ahekkertlc@de.vu,512-929-2419
Harmon,Umeko,uharmongw@go.com,514-542-0206
Hutcheons,Florencia,fhutcheonsa5@economist.com,514-719-4978
De Meis,Westley,wdemeiscp@studiopress.com,515-100-0269
Leale,Lauren,llealedp@altervista.org,515-388-3238
Staton,Grete,gstatonbf@sbwire.com,515-570-1615
Houseman,Neal,nhousemanez@webnode.com,515-767-7599
Eckersley,Francesca,feckersley1e@npr.org,517-101-2694
Creamen,Jefferey,jcreamen4u@netscape.com,518-866-7599
Meakes,Leoine,lmeakesaz@mlb.com,519-190-3021
Frankcom,Leyla,lfrankcomoi@myspace.com,520-516-6748
Spinney,Ainslie,aspinneyie@rediff.com,520-811-4112
Slafford,Nick,nslafford65@reddit.com,522-602-8357
Novak,Kacey,knovakit@sina.com.cn,524-218-7640
Veeler,Alla,aveelerc4@cloudflare.com,527-312-0125
Willeson,Elyssa,ewillesonj4@mail.ru,528-392-8340
Absolom,Danell,dabsolomlf@yolasite.com,528-948-8912
Grishukhin,Page,pgrishukhinpm@cargocollective.com,529-859-4893
Jozefowicz,Brok,bjozefowicz2a@youtube.com,529-966-3375
Burwood,Tobi,tburwoodjw@redcross.org,531-255-9504
Tobin,Orren,otobinn6@ebay.com,533-831-2547
Davitti,Catie,cdavittipt@rakuten.co.jp,534-968-4815
Feasley,Dex,dfeasley11@jimdo.com,536-243-1164
Claw,Catlin,cclawpj@aboutads.info,536-314-7395
Murtimer,Lesley,lmurtimer8l@woothemes.com,538-566-1854
Honsch,Mufi,mhonsch4h@ezinearticles.com,539-570-1521
Cordero,Molli,mcordero4s@oracle.com,540-344-8349
Ferreras,Loutitia,lferrerasdz@google.com.hk,541-270-5996
Beckley,Maribeth,mbeckleyae@google.it,544-696-4456
Hawlgarth,Diego,dhawlgarthb2@cdbaby.com,545-663-4890
Kahler,Marita,mkahlerep@google.cn,546-445-4061
Passfield,Darius,dpassfieldot@photobucket.com,547-330-0964
Fyfe,Orrin,ofyfe2r@umich.edu,547-848-7763
Pinwill,Greta,gpinwillm@xrea.com,548-117-9509
Van der Beken,Leah,lvanderbekenfk@indiatimes.com,550-128-2418
Fransman,Lurline,lfransmanb5@pagesperso-orange.fr,552-425-6682
Lewerenz,Fraser,flewerenzp7@census.gov,553-811-9773
Beavers,Larisa,lbeaversqo@bbc.co.uk,555-183-3400
Perton,Carlynne,cpertonfx@jiathis.com,555-461-4763
Brun,Thatch,tbrungp@paypal.com,555-724-1667
Astbery,Karl,kastbery9m@techcrunch.com,556-774-7909
Aleevy,Ottilie,oaleevy9k@gizmodo.com,557-163-0085
Bridle,Penny,pbridleeo@homestead.com,560-512-1580
Sandyfirth,Skip,ssandyfirthpi@yandex.ru,561-191-0259
Pinniger,Jefferson,jpinnigerd@amazon.co.jp,562-517-6246
Posselt,Fowler,fposselt1o@123-reg.co.uk,563-471-6516
Clemson,Cassie,cclemsonfe@tinyurl.com,564-118-4443
Shrieves,Winifred,wshrievesro@prlog.org,565-265-6224
Revening,Thorsten,treveningb6@vimeo.com,566-702-3531
Peagrim,Winston,wpeagrimii@facebook.com,567-152-0977
Cassedy,Joleen,jcassedy9s@fema.gov,567-303-1537
Espinola,Fax,fespinolagr@google.co.uk,567-629-3838
Lomansey,Rhodie,rlomanseyhv@nationalgeographic.com,568-682-7297
Norval,Kasper,knorval3w@sbwire.com,570-131-7778
Ziemen,Josee,jziemendw@cafepress.com,571-452-3071
Arch,Giacomo,garchbq@wix.com,571-765-5472
Salsbury,Corella,csalsbury9h@dailymail.co.uk,571-836-7210
Bellard,Paloma,pbellardkv@wikimedia.org,572-239-7150
Bernuzzi,Carlin,cbernuzzird@stumbleupon.com,572-870-3121
De Micoli,Anastasie,ademicolib8@independent.co.uk,573-871-5223
Lindegard,Kissee,klindegardqj@businesswire.com,574-185-3093
Sherred,Brooks,bsherredfp@simplemachines.org,574-285-9113
Hounsome,Candace,chounsomejl@github.com,574-306-8610
Berfoot,Luce,lberfootji@ucoz.ru,574-516-8136
Farquar,Jeramie,jfarquar1c@fema.gov,575-144-3901
Burkinshaw,Liuka,lburkinshawdn@typepad.com,575-569-1155
Merrigans,Nisse,nmerrigansdm@ebay.co.uk,575-787-8206
Sumers,Lindon,lsumersqs@bing.com,578-214-8116
Hazzard,Kirby,khazzarddr@over-blog.com,579-334-5141
Hows,Debi,dhows8s@ft.com,580-182-5986
Behneke,Corey,cbehneke43@intel.com,580-433-6185
Clawsley,Lannie,lclawsleybo@gov.uk,581-238-6575
Ettles,Anne-marie,aettles7x@rediff.com,581-321-0088
Mathiassen,Drusie,dmathiassene0@meetup.com,584-962-0553
Heavens,Jobina,jheavens1n@wunderground.com,586-278-6576
Antognelli,Netty,nantognellifo@imgur.com,586-570-5097
Wadman,Kendricks,kwadmanjz@techcrunch.com,587-541-3624
Jellman,Stillmann,sjellmanrc@independent.co.uk,587-682-2755
Kett,Dov,dkettaw@booking.com,588-113-8076
Leither,Caspar,cleithermn@over-blog.com,591-295-9663
Balcock,Anabel,abalcockbt@furl.net,591-462-0152
Matskevich,Rahal,rmatskevich3a@vkontakte.ru,596-744-8426
Ivanonko,Aurore,aivanonkor8@hatena.ne.jp,596-795-3797
Drexel,Cherry,cdrexel9l@noaa.gov,597-254-9316
Spear,Gaby,gspearaq@princeton.edu,597-891-3880
Yakobowitz,Cariotta,cyakobowitzls@gnu.org,597-981-2055
Mell,Debera,dmellhf@cnet.com,598-253-3239
Frangleton,Dorian,dfrangletone1@scribd.com,598-305-8694
Souley,Corene,csouley6q@slate.com,599-222-8211
Podbury,Rocky,rpodburyei@bravesites.com,599-747-3867
Knott,Pauly,pknottx@yellowpages.com,600-382-3971
Bleddon,Sophie,sbleddonh4@constantcontact.com,600-386-5921
Barrett,Perry,pbarrettjt@telegraph.co.uk,600-916-9642
O'Harney,Ardys,aoharney4r@scribd.com,601-232-1233
D'Agostini,Shawn,sdagostinijy@comsenz.com,601-661-1243
Upstell,Pincus,pupstell4b@bravesites.com,602-368-1470
Larkby,Jacintha,jlarkby41@fema.gov,602-539-1937
Conachie,Chris,cconachiegt@jigsy.com,602-850-0674
Leggate,Ludovico,lleggateps@tmall.com,604-595-9594
Hurch,Willow,whurch9y@delicious.com,606-904-3891
Letessier,Andros,aletessierma@time.com,606-996-6670
Mewitt,Auroora,amewitthk@dailymail.co.uk,607-489-9483
Giacobelli,Rennie,rgiacobellilq@europa.eu,607-854-3017
Stitt,Ari,astittop@is.gd,609-468-2839
Flicker,Bertram,bflickernu@examiner.com,611-253-2628
Burry,Giselbert,gburry6l@pinterest.com,613-426-4078
Jehaes,Solomon,sjehaesjr@studiopress.com,614-372-2955
Valentine,Noami,nvalentine45@xrea.com,614-450-7956
Zorzini,Jayson,jzorzinind@addthis.com,614-646-0072
Sumpter,Sid,ssumpteron@umn.edu,614-772-7302
Gley,Ashlie,agleybc@umn.edu,615-804-6430
Vanyard,Jessy,jvanyardcu@tripadvisor.com,615-873-0346
Smallwood,Phillip,psmallwood44@slideshare.net,616-760-6276
Bosman,Rowney,rbosmanli@yandex.ru,616-853-9303
Titchen,Lenora,ltitchen9v@tiny.cc,618-179-4785
Wickstead,Carmencita,cwickstead7k@dion.ne.jp,618-252-1285
Kibbye,Clay,ckibbyepk@shareasale.com,618-641-9734
Rusk,Corbet,cruskky@ebay.com,618-871-7628
Barth,Nicola,nbarthre@smugmug.com,622-498-0527
Freen,Tamra,tfreen6g@statcounter.com,622-700-2859
Pietersen,Hadrian,hpietersenjo@google.fr,622-764-1549
Benettolo,Colas,cbenettolobw@51.la,622-992-6819
Teml,Damita,dtemlbv@networkadvertising.org,624-300-0618
Mansbridge,Lutero,lmansbridge3@buzzfeed.com,624-516-3465
Broggetti,Abba,abroggetti3r@sbwire.com,629-770-3431
Garred,Vanda,vgarredje@yahoo.com,629-991-9005
Jovanovic,Norine,njovanovic4l@1und1.de,630-608-2706
Connett,Shaw,sconnettfl@myspace.com,630-899-8324
Giannini,Crysta,cgianninioh@miitbeian.gov.cn,631-998-4531
Salliss,Jenelle,jsalliss6t@goo.ne.jp,632-782-3253
Derrington,Nonnah,nderringtonpq@cisco.com,633-474-7846
Hinstock,Jaquelyn,jhinstock8m@stanford.edu,634-101-1006
Scannell,Gabbie,gscannellq4@virginia.edu,635-753-6789
McKeachie,Lorain,lmckeachie94@house.gov,636-510-3609
Elington,Sib,selingtonhy@amazon.com,636-903-1861
Redmond,Brinn,bredmondlg@archive.org,637-530-8398
Chansonnau,Omero,ochansonnaubs@discovery.com,638-401-1589
Ruppert,Michelina,mruppert9r@opera.com,638-592-8521
Basham,Gibbie,gbashamaf@comsenz.com,640-138-3185
Heckner,Fredericka,fhecknerac@clickbank.net,640-676-4832
Kobel,Dyana,dkobeljp@nature.com,640-898-2994
Jorger,Erma,ejorger9b@delicious.com,643-151-4965
Gilhooley,Marlena,mgilhooley3s@trellian.com,643-193-8948
McMylor,Vanni,vmcmylorox@drupal.org,646-747-4224
Rae,Gibby,graehc@hubpages.com,647-344-9149
Cail,Paula,pcail9q@cornell.edu,648-862-6752
Fontanet,Finley,ffontanetfc@xing.com,650-285-1374
Orchard,Olga,oorchardos@1688.com,652-188-4864
Labone,Cynthea,clabone5p@newsvine.com,652-612-6423
Braime,Jamaal,jbraimerq@jigsy.com,653-120-0696
Tindle,Garv,gtindleam@wiley.com,653-437-3943
Arthars,Llewellyn,larthars10@photobucket.com,653-999-4208
Wolfendale,Calla,cwolfendale6@stumbleupon.com,654-705-6108
Stanway,Codie,cstanwaybm@dell.com,658-617-3702
Brimblecomb,Donaugh,dbrimblecombf4@hp.com,658-963-6692
Blodget,Augustus,ablodget5x@drupal.org,660-352-5019
Flipek,Cobb,cflipek4k@vistaprint.com,661-578-1314
Garratty,Midge,mgarrattyk9@privacy.gov.au,664-443-4861
Feathersby,Jamie,jfeathersby1m@ycombinator.com,664-783-7935
Ives,Meaghan,mivesnc@squidoo.com,665-223-6499
Jansens,Merrill,mjansensna@comcast.net,667-473-9375
Ferrone,Job,jferronet@spiegel.de,669-845-7537
McGeachy,Brose,bmcgeachycr@reuters.com,670-383-5550
Webber,Cory,cwebber96@i2i.jp,671-899-0599
Wicklin,Aldon,awicklinkb@ebay.co.uk,671-940-7587
Planke,Audrie,aplanke5f@sohu.com,671-988-0288
Pellamont,Cyrill,cpellamont7y@intel.com,673-876-7421
Banks,Wilfred,wbanks6o@cnet.com,674-450-9722
Maddams,Nathanael,nmaddamsla@trellian.com,674-898-4906
Wernher,Herold,hwernherhh@nationalgeographic.com,675-272-1755
Blowes,Nils,nblowes9c@purevolume.com,675-893-4563
Nowill,Nancy,nnowillr2@uol.com.br,675-947-2486
Schall,Van,vschallo4@gravatar.com,676-213-6892
Imm,Crystie,cimmhs@seesaa.net,676-586-0712
Coley,Astra,acoleyno@microsoft.com,676-665-1061
Cresser,Grannie,gcresserol@msu.edu,677-819-7154
Esberger,Wiley,wesberger53@google.com.au,678-296-3093
McCartan,Svend,smccartannn@umn.edu,678-598-0226
Birtchnell,Gunilla,gbirtchnell3g@redcross.org,678-619-8527
Dandie,Cecelia,cdandie4v@ca.gov,678-700-1230
Bayliss,Dela,dbaylissak@mail.ru,678-891-4426
Jelphs,Edouard,ejelphsoa@hibu.com,679-524-1351
Pauel,Tomasina,tpauelfg@nymag.com,679-583-2324
Dewan,Florina,fdewance@diigo.com,680-206-3813
Hyslop,Demetre,dhyslopp6@blogtalkradio.com,680-712-2402
Moens,Elwin,emoensj8@scribd.com,681-424-6217
Epelett,Mavis,mepelettbx@bandcamp.com,681-730-8086
Adamolli,Shanan,sadamollikg@free.fr,681-779-7221
Deniscke,Kent,kdeniscke27@wisc.edu,684-334-3844
Stealfox,Izabel,istealfoxoy@virginia.edu,685-319-4569
Southerden,Mariana,msoutherdenao@amazon.co.jp,685-755-6399
Bernardeschi,Celle,cbernardeschi7e@home.pl,686-998-8579
Losebie,Sergei,slosebielk@webmd.com,687-564-9983
Tremontana,Kellie,ktremontanak@wunderground.com,688-391-1041
Cargo,Augustin,acargob@mysql.com,688-476-8560
Henric,Dyna,dhenricmf@cargocollective.com,688-963-6847
Gerlts,Carlita,cgerltspx@pinterest.com,689-117-8308
Verrechia,Kellina,kverrechiaqt@yandex.ru,689-907-0902
Laffling,Rey,rlaffling2q@sohu.com,689-960-1810
Havik,Colly,chavika3@facebook.com,690-194-5816
Swires,Gennifer,gswiresdy@elpais.com,690-694-8606
Derry,Lotti,lderryhj@redcross.org,694-132-0540
Blofield,Corene,cblofieldbu@e-recht24.de,694-149-9644
Halbert,Faina,fhalbert8f@zdnet.com,694-825-3960
McCurtain,Justus,jmccurtaineu@ehow.com,695-693-6135
Beech,Antonella,abeecha1@4shared.com,696-298-7432
Myall,Lila,lmyallri@sina.com.cn,696-925-2591
Tunnacliffe,Brenna,btunnacliffe3e@ftc.gov,697-478-3021
Norrington,Rhoda,rnorringtonfz@sogou.com,697-572-3086
Diver,Ellynn,ediver6y@slate.com,697-868-3485
Smaridge,Lavinia,lsmaridgemp@springer.com,698-238-7446
Huggin,Merle,mhuggina6@uol.com.br,698-443-7672
Mettricke,Corene,cmettrickel5@unicef.org,698-685-3594
Twigley,Juli,jtwigley4g@sciencedirect.com,698-819-4179
Frondt,Fifine,ffrondt6e@webs.com,699-149-2070
Woolard,Freeman,fwoolardku@themeforest.net,699-844-8750
Iredale,Koral,kiredalecw@smugmug.com,701-355-9189
Narraway,Ynes,ynarraway8y@shutterfly.com,701-596-3722
Rosenbloom,Isidoro,irosenbloom7g@cnet.com,701-844-2994
Lantuffe,Jerrylee,jlantuffeph@answers.com,702-922-3969
Ellesworth,Anjanette,aellesworth7b@altervista.org,702-956-0529
Probbings,Lanna,lprobbingscd@usda.gov,703-298-7276
Foxhall,Antone,afoxhallf0@alibaba.com,703-897-9354
Moncey,Massimiliano,mmonceyf6@indiegogo.com,704-152-6446
Brose,Sacha,sbrose31@psu.edu,704-262-6314
Goodspeed,Stanwood,sgoodspeed5g@networksolutions.com,704-495-8567
Garner,Barr,bgarner1g@topsy.com,704-504-9376
Pennyman,Gracie,gpennymankk@nifty.com,705-922-3030
Constance,Dulcia,dconstancerr@bbc.co.uk,706-528-7192
Speek,Eddi,espeeklv@ca.gov,706-642-7172
Odda,Franklin,foddai8@springer.com,706-726-0080
Stellin,Virginie,vstellingk@wunderground.com,707-519-4210
Hariot,Ailey,ahariotgu@huffingtonpost.com,708-283-5372
Grichukhanov,Blanch,bgrichukhanovfj@reuters.com,709-751-0303
Oliphand,Odo,ooliphandpe@odnoklassniki.ru,710-616-5831
Isacsson,Fleming,fisacsson7j@sfgate.com,710-736-0183
Iley,Dimitry,dileyp8@about.me,711-450-5603
Mabon,Merilyn,mmabon8j@tamu.edu,712-118-1450
Meas,Shurlocke,smeas4y@abc.net.au,713-107-1459
Maffetti,Ashely,amaffettipl@springer.com,713-828-2955
Lacroutz,Thorin,tlacroutzm8@phoca.cz,713-852-5147
Clelland,Ethelred,eclellandaj@de.vu,714-481-0954
Phippen,Lucille,lphippend8@guardian.co.uk,715-555-5281
Grumell,Larine,lgrumellk5@t-online.de,716-871-8432
Edelheit,Ara,aedelheitr1@epa.gov,718-219-5452
Dufoure,Jaclyn,jdufouregn@google.com.br,718-289-7718
Whithalgh,Miles,mwhithalgh1l@comsenz.com,719-812-9496
Walne,Feodor,fwalneiv@arizona.edu,721-703-1858
Jinda,Elise,ejindaju@nih.gov,723-885-3529
Judkins,Row,rjudkinsjf@com.com,724-805-0964
Climpson,Richart,rclimpson1u@list-manage.com,724-969-7101
Fischer,Levey,lfischer4f@blogs.com,725-167-6490
Tomczak,Jeramey,jtomczak39@webnode.com,726-610-9977
Badham,Leontyne,lbadhamco@technorati.com,729-143-3804
Heatlie,Wake,wheatlie48@soundcloud.com,729-257-5296
Giacobo,Charity,cgiacobof7@over-blog.com,729-518-0099
Castanie,Pearl,pcastanie6b@webeden.co.uk,730-819-5644
Anthill,Lorena,lanthillia@bbb.org,731-811-5112
Smickle,Pate,psmickle6u@cyberchimps.com,732-317-7236
Lampard,Regen,rlampardo@ted.com,732-620-0660
Bortoluzzi,Glenna,gbortoluzzia2@is.gd,732-968-8764
Cheverell,Haleigh,hcheverellbj@miitbeian.gov.cn,733-321-1018
Plummer,Gladi,gplummerqi@chron.com,733-585-0834
Martschke,Franklyn,fmartschke2s@furl.net,734-311-5221
Bodell,Anette,abodellab@odnoklassniki.ru,735-131-4176
Janiszewski,Teressa,tjaniszewski6m@livejournal.com,736-318-5986
Simester,Filippo,fsimesteriq@nationalgeographic.com,736-663-6736
Hamlet,Reeba,rhamletby@hugedomains.com,737-227-5428
Kitcher,Bail,bkitcherqn@businesswire.com,737-732-7862
Minthorpe,Glyn,gminthorpep3@drupal.org,738-934-0621
Pietsma,Stephanus,spietsmagg@vimeo.com,739-571-2328
Petteford,Bartolemo,bpettefordn8@fotki.com,739-886-8113
Flay,Ximenez,xflayad@plala.or.jp,740-234-6770
Kharchinski,Alis,akharchinski32@tuttocitta.it,740-487-5487
Enevoldsen,Dana,denevoldsen1z@vistaprint.com,743-506-2408
Ferrelli,Reta,rferrellig3@sourceforge.net,743-845-6362
Brolechan,Tamqrah,tbrolechanu@nba.com,744-876-2919
Dummett,Sukey,sdummettqp@google.com,745-887-4075
Deverill,Garret,gdeverill81@over-blog.com,746-645-9236
Silvester,Rupert,rsilvesternh@forbes.com,747-718-9207
Jerrold,Creighton,cjerroldbr@barnesandnoble.com,748-656-4879
Palley,Erinn,epalley25@ehow.com,751-257-3426
McSpirron,Lucienne,lmcspirron92@mapy.cz,751-316-0325
Goffe,Benjamen,bgoffeiz@e-recht24.de,754-462-9535
Willarton,Jean,jwillarton4e@symantec.com,755-750-1528
O'Monahan,Alphard,aomonahann7@gmpg.org,756-486-0649
Mallon,Bryn,bmallonmu@mac.com,757-110-7786
Ksandra,Annmaria,aksandraqq@linkedin.com,758-196-3715
Brasher,Charita,cbrasher5c@mayoclinic.com,758-990-3600
Stoite,Alison,astoitens@ihg.com,762-727-1063
Matskevich,Vitia,vmatskevichi2@soundcloud.com,763-440-4974
Omar,Kim,komarin@jalbum.net,764-300-1182
Ashman,Raina,rashman7n@ifeng.com,764-674-4631
Croasdale,Milena,mcroasdaledv@facebook.com,766-106-8305
Valentinuzzi,Farrah,fvalentinuzzicc@comsenz.com,766-896-7821
Voff,Arlin,avoffou@aol.com,768-196-3323
Szimoni,Hort,hszimoniil@microsoft.com,770-371-2652
Jannequin,Heall,hjannequinik@businesswire.com,770-417-5545
Searjeant,Virgilio,vsearjeantmc@tamu.edu,770-531-1963
Moakler,Sharline,smoaklern@printfriendly.com,773-906-8831
Housiaux,Evaleen,ehousiauxhl@ameblo.jp,773-971-3844
Legion,Letitia,llegion2f@archive.org,774-567-8938
Trainer,Berkley,btrainer3b@liveinternet.ru,774-572-0436
Kinsell,Chaunce,ckinsell4a@skyrock.com,774-870-6437
Houldin,Fanechka,fhouldinfq@army.mil,776-103-8169
Looker,Salvatore,slookerqu@state.tx.us,776-490-5621
Howsego,Joye,jhowsego9a@statcounter.com,778-606-5464
Dunbobin,Martie,mdunbobinqy@macromedia.com,780-353-3542
Hadrill,Jasun,jhadriller@icq.com,780-647-7441
Lant,Katerina,klantix@goo.ne.jp,783-685-7354
Wickins,Quintilla,qwickins60@reuters.com,783-688-5242
Sabate,Antons,asabate3t@prweb.com,784-391-5449
Kidney,Carlie,ckidneyn9@addthis.com,784-465-1591
Kunzler,Matthias,mkunzlerc1@unblog.fr,785-733-1193
Fowls,Debera,dfowlsg4@blogs.com,786-482-0855
Bowles,Kimbell,kbowles1q@freewebs.com,786-759-0807
Parnby,Honey,hparnbybl@twitter.com,788-376-5647
Norree,Philip,pnorreefa@elegantthemes.com,789-117-9348
Dellatorre,Garreth,gdellatorre4o@smh.com.au,789-591-2221
Matusevich,Skippy,smatusevichlh@adobe.com,789-826-2431
Cawcutt,Gothart,gcawcuttj5@craigslist.org,789-972-9303
Mor,Pansy,pmor79@addtoany.com,790-274-9394
Pawlett,Marcelline,mpawlett1v@weebly.com,790-328-8072
Lynthal,Fons,flynthaljv@addthis.com,791-820-0830
Sooley,Tedmund,tsooleyo3@jiathis.com,792-818-3765
Cleyburn,Merla,mcleyburnp@reverbnation.com,793-175-5586
Bereford,Tymothy,tberefordr9@vk.com,793-402-3959
Robarts,Noe,nrobartsov@geocities.com,793-754-7018
Worsfold,Fenelia,fworsfold9p@t.co,794-600-9053
Rozzell,Barty,brozzelleb@symantec.com,796-222-0856
Trenaman,Ariana,atrenaman69@rakuten.co.jp,797-187-7949
Curneen,Lauryn,lcurneenag@utexas.edu,798-163-5785
Beachem,Mira,mbeachemnb@webnode.com,798-194-1485
McDowell,Arnold,amcdowell7f@npr.org,798-209-9949
Cotgrove,Randolf,rcotgrove5@wordpress.com,798-736-5680
O' Gara,Osmund,oogaracm@reddit.com,800-142-2452
Keuning,Tyson,tkeuningfy@icio.us,800-145-6907
MacGhee,Trace,tmacghee9f@prnewswire.com,804-434-1269
Burner,Serena,sburnerlx@taobao.com,805-299-6032
Rupp,Saunders,srupp99@usgs.gov,805-348-8801
Dedman,Zeke,zdedmangs@scribd.com,806-113-2710
Aloshikin,Sigismund,saloshikin5h@google.de,808-736-4845
Robyns,Brok,brobynsej@joomla.org,808-950-9885
Meale,Flss,fmealebi@youtu.be,810-868-3127
Coxen,Sharia,scoxenq9@reddit.com,811-808-8299
Burnyeat,Royce,rburnyeatom@yahoo.com,813-134-6995
Wheelton,Marianne,mwheelton2n@alexa.com,813-692-5284
Hamm,Florette,fhammoz@kickstarter.com,814-325-9570
Fosdike,Darda,dfosdike1y@foxnews.com,815-140-8869
Goldin,Barbey,bgoldinh3@sogou.com,815-312-9041
Leaton,Abba,aleatoni4@php.net,815-814-1657
Gaule,Hermon,hgaulehq@aboutads.info,816-557-6060
Fedorski,Desmond,dfedorskikw@geocities.jp,816-825-4053
Mallinder,Anton,amallinderbh@mail.ru,817-721-3612
Matelyunas,Otto,omatelyunaso5@ibm.com,818-135-3286
Camerana,Tani,tcamerana71@craigslist.org,818-181-9507
Bosma,Chucho,cbosmalm@wikipedia.org,818-419-5215
Yepiskopov,Cash,cyepiskopov30@utexas.edu,818-698-5122
Halward,Myer,mhalwardor@theguardian.com,821-762-0299
Waldren,Karl,kwaldrenmq@spotify.com,822-456-2061
Rising,Cynthia,crisingc2@trellian.com,822-507-0907
Jackett,Maurita,mjackettg2@free.fr,822-529-4009
Christoffe,Stefano,schristoffec8@pagesperso-orange.fr,822-578-5495
Di Antonio,Liliane,ldiantonioe4@alexa.com,822-969-2194
Ford,Broderick,bfordat@cmu.edu,823-170-2119
Whalebelly,Barret,bwhalebelly16@list-manage.com,824-616-8510
Crampsey,Ardene,acrampseyew@is.gd,826-136-7781
Worsham,Lief,lworshamfw@gmpg.org,827-307-0455
Creenan,Gerry,gcreenanjx@xinhuanet.com,827-776-9996
Brauninger,Penrod,pbrauningergf@jalbum.net,827-821-9692
Kyteley,Bev,bkyteley7h@mozilla.com,828-960-0768
Kobierra,Torrence,tkobierralw@hubpages.com,829-149-9882
Barreau,Ynez,ybarreaue3@salon.com,829-259-6285
Evesque,Ariel,aevesque12@blogs.com,831-370-9075
Braganza,Ritchie,rbraganza17@nytimes.com,832-425-2145
Weems,Lorettalorna,lweems37@istockphoto.com,832-726-5448
Salan,Mireielle,msalanl0@jugem.jp,833-981-7498
Mattimoe,Allison,amattimoepv@google.cn,834-223-9585
Leyburn,Sigismond,sleyburnnm@admin.ch,835-357-2623
Lummasana,Erena,elummasana1d@yellowpages.com,836-381-1127
Mounsey,Dodie,dmounseykd@is.gd,836-497-2827
Braidwood,Edgar,ebraidwoodf1@nba.com,836-683-2985
Bowman,Cristine,cbowmanl3@arizona.edu,837-267-9223
Ayton,Edeline,eayton2o@furl.net,837-850-4651
Threlkeld,Natala,nthrelkeldd5@oaic.gov.au,838-145-4339
Eytel,Reeva,reyteles@yale.edu,838-232-1656
Chell,Colas,cchell7u@sina.com.cn,838-250-3031
Mully,Vera,vmullyny@marketwatch.com,838-416-7115
Richemont,Burr,brichemontdh@pagesperso-orange.fr,838-710-9394
Trolley,Gardie,gtrolleygm@archive.org,841-697-3768
Jermey,Harman,hjermeyr5@wsj.com,842-984-1389
Weagener,Aidan,aweagenerca@nps.gov,843-180-7782
Rangeley,Esdras,erangeleyho@acquirethisname.com,845-703-4809
Mechell,Bailey,bmechellm7@woothemes.com,847-235-2183
Broker,Freddy,fbrokerjq@ucoz.com,847-720-5030
Dullingham,Colman,cdullinghamjm@google.com,849-403-1676
Abson,Grannie,gabsoniu@qq.com,850-150-9510
Bennett,Elia,ebennettmb@cam.ac.uk,851-199-3887
Elvish,Angil,aelvishi3@google.de,852-131-2511
Kmicicki,Andris,akmicickidc@state.tx.us,852-283-3333
Alexsandrev,Lucias,lalexsandrevk2@opera.com,852-904-1678
Ricardou,Wolf,wricardouiw@hc360.com,852-929-6646
Sellars,Ynes,ysellarscv@woothemes.com,855-658-5072
Gaddesby,Analise,agaddesbyn2@devhub.com,856-551-3771
Alecock,Henriette,halecock5b@gravatar.com,859-436-9365
Haines,Dorian,dhaines9d@w3.org,859-973-9871
Swinford,Arvie,aswinfordmi@liveinternet.ru,859-981-8834
Moreman,Amalee,amoremani1@usda.gov,860-927-1514
Sleicht,Maurise,msleichtb7@gmpg.org,861-235-7551
Jesse,Reinaldo,rjessekr@globo.com,862-380-0460
Juris,Nevil,njurish1@aol.com,862-925-6437
Mingay,Kelvin,kmingayda@chron.com,863-260-4757
Mewe,Ozzie,omewe8b@w3.org,863-691-9520
Kenworthy,Marcile,mkenworthy6i@psu.edu,864-579-9097
Shillito,Hynda,hshillito3f@geocities.com,866-814-0846
Collelton,Trumann,tcolleltonde@bbb.org,867-304-0678
Duffitt,Spencer,sduffittdx@digg.com,867-617-6206
Skeldon,Vittoria,vskeldonml@engadget.com,867-763-1965
Growcott,Addie,agrowcottk3@arizona.edu,868-683-5677
Gayden,Vally,vgaydenkp@phpbb.com,870-380-9630
Letterese,Georgina,gletteresei7@miitbeian.gov.cn,870-843-0212
Morkham,Dori,dmorkhamlo@geocities.jp,871-101-0561
Berntsson,Wally,wberntssond6@cbslocal.com,871-253-7534
Brierly,Cassaundra,cbrierlybe@parallels.com,872-525-5962
Horry,Norby,nhorryr7@dropbox.com,873-847-1305
Langstrath,Harri,hlangstrathqz@privacy.gov.au,874-120-4053
Haxby,Violante,vhaxby4c@1und1.de,874-607-3762
Barth,Gina,gbarth21@unblog.fr,874-942-5536
Sutter,Rosmunda,rsutterqe@is.gd,875-505-5561
Barrowclough,Jackqueline,jbarrowcloughhb@amazon.com,875-558-3934
Melbury,Karlik,kmelburyqv@google.com.hk,877-322-2826
Rainon,Bendix,brainon8n@google.co.uk,877-376-4145
Paulucci,Sharlene,spaulucci33@devhub.com,878-100-2744
Waliszek,Gratia,gwaliszek6n@clickbank.net,882-317-1869
Bravington,Garvey,gbravington23@unicef.org,882-375-8661
Slatter,Welbie,wslatterd9@prweb.com,883-172-1090
Bussy,Cornell,cbussy1h@whitehouse.gov,883-581-4894
Girk,Collette,cgirko0@miibeian.gov.cn,883-644-2978
Birdseye,Royce,rbirdseyeok@surveymonkey.com,885-186-0317
Tuer,Colman,ctuernr@mediafire.com,885-531-0886
Hars,Fairfax,fharsfd@imageshack.us,885-741-3017
Spence,Kimberly,kspence9j@howstuffworks.com,887-445-5594
Le Houx,Teddie,tlehoux3l@fotki.com,887-826-9933
Allsupp,Deloris,dallsupppy@soundcloud.com,889-585-7050
Randleson,Jethro,jrandlesonne@tuttocitta.it,890-165-1534
Lukianovich,Karilynn,klukianovichlp@google.com,891-971-1263
Blanckley,Barnett,bblanckleyk6@epa.gov,892-288-6468
Guillem,Christiane,cguillem9t@whitehouse.gov,893-392-4999
Klawi,Ashil,aklawiod@mozilla.com,895-586-7424
Whenham,Auroora,awhenhamft@rakuten.co.jp,896-585-1548
Neild,Ezri,eneildqb@indiegogo.com,898-420-7194
Cordelet,Trenna,tcordeletc0@1688.com,899-432-0393
Colleck,Biddy,bcolleckpp@mashable.com,899-533-0718
Tarbox,Tynan,ttarboxc3@cam.ac.uk,899-761-8241
Catonne,Ros,rcatonnemt@networksolutions.com,899-965-2075
Scrimshire,Hillary,hscrimshirer0@bbc.co.uk,900-594-2259
Wooffitt,Early,ewooffittah@csmonitor.com,901-572-5047
Barmadier,Frasquito,fbarmadierm1@adobe.com,901-642-9566
Peddel,Bobina,bpeddelk8@simplemachines.org,902-117-1573
McCarver,Eugene,emccarvere5@pinterest.com,902-385-9654
Dakhov,Noellyn,ndakhov2w@ifeng.com,902-752-7488
Embery,Valeda,vemberyfs@fotki.com,902-802-8928
Deavall,Bev,bdeavallcl@dot.gov,904-420-6326
Temblett,Dorise,dtemblett5m@ca.gov,904-579-5968
Claeskens,Karel,kclaeskenske@imageshack.us,905-116-6634
Mapledoore,Nap,nmapledoore2g@elegantthemes.com,905-126-0881
Lowey,Yancy,ylowey1i@soundcloud.com,905-420-3349
Borgne,Kassie,kborgnel@sogou.com,905-678-0058
Mitchelhill,Rockey,rmitchelhilllr@un.org,906-470-5893
Trippack,Doyle,dtrippackkl@columbia.edu,906-996-4903
Jouhandeau,Emmie,ejouhandeau19@1688.com,907-169-5747
Chisnall,See,schisnalldi@sitemeter.com,907-294-2911
Petyankin,Si,spetyankinoo@angelfire.com,907-824-5695
Pickworth,Marianna,mpickworthcq@hatena.ne.jp,908-216-9924
Dines,Hart,hdineslu@baidu.com,908-322-7148
Ketchaside,Fredrika,fketchaside1w@utexas.edu,909-195-2635
Winstone,Kali,kwinstone57@intel.com,910-101-6155
Spohr,Briant,bspohr2c@ucla.edu,910-122-0722
Goode,Ilario,igoode54@instagram.com,912-679-5991
Muirden,Geralda,gmuirden7z@ucoz.ru,913-421-2808
Beiderbecke,Gabbie,gbeiderbecke6f@bigcartel.com,914-309-6795
Crosen,Meghan,mcrosenbn@usnews.com,914-487-7858
Cassella,Britney,bcassellav@prlog.org,915-579-5869
Sherme,Neile,nshermeap@rediff.com,916-159-7107
Beardsell,Patrizio,pbeardselll9@bloomberg.com,916-434-5022
Garthland,Consolata,cgarthlandh9@360.cn,917-620-7265
Denyukin,Ottilie,odenyukinko@joomla.org,920-420-5824
Winthrop,Bernette,bwinthrop3m@tuttocitta.it,921-184-8223
Normanton,Ivar,inormanton97@liveinternet.ru,921-885-4715
Tilling,Hewett,htilling2d@ftc.gov,922-445-6915
Sabberton,Janette,jsabberton8i@cbslocal.com,925-582-3864
Blenkhorn,Barnard,bblenkhorn77@google.com.br,925-637-0720
Ferrieri,Lori,lferrieri5w@devhub.com,927-482-4527
Schubert,Penn,pschubert85@auda.org.au,927-524-3506
Stilldale,Wallis,wstilldaleem@spiegel.de,928-142-9078
Krabbe,Lily,lkrabbect@virginia.edu,928-921-9785
Milhench,Shannon,smilhenchcg@census.gov,929-255-5455
Goodread,Ailee,agoodreadc6@army.mil,929-686-7887
Farrent,Donall,dfarrentj2@fastcompany.com,929-955-2774
Gook,Kenton,kgookg5@xrea.com,933-479-1888
Banting,Breena,bbanting2t@prlog.org,934-342-4984
Valance,Giles,gvalanceee@wufoo.com,937-645-8760
Myhill,Ugo,umyhillec@acquirethisname.com,939-502-5154
Gotmann,Ilaire,igotmann4@goo.gl,939-651-5375
Saggs,Abba,asaggsj7@mozilla.org,941-986-5452
Spinley,Mufinella,mspinley8r@addthis.com,942-980-0496
Flohard,Minette,mflohard5i@weibo.com,943-565-4113
Smallwood,Saleem,ssmallwoodnl@biblegateway.com,943-658-1485
Coleyshaw,Beale,bcoleyshawmr@prnewswire.com,943-951-8944
Millis,Jacquie,jmillis0@house.gov,944-355-4942
Allitt,Gaston,gallitt93@engadget.com,945-914-3832
Gallatly,Mortimer,mgallatly22@census.gov,946-614-7365
Brobyn,Sioux,sbrobynm2@reddit.com,947-604-9226
Haughian,Desi,dhaughiangy@kickstarter.com,947-684-5279
Blacklock,Tiffanie,tblacklock46@a8.net,948-244-3446
Rickwood,Mariska,mrickwoodki@icio.us,950-287-6304
Toten,Valera,vtotend2@linkedin.com,951-328-6989
Ahrenius,Dougy,dahrenius90@bing.com,952-559-2058
Paddock,Emanuel,epaddockqg@ebay.com,952-781-9971
Twining,Franchot,ftwiningb1@weebly.com,952-838-7559
Whitfeld,Bay,bwhitfeldfi@nydailynews.com,954-112-9625
Hambatch,Kalila,khambatch42@mozilla.org,954-421-0489
Jessope,Ellissa,ejessopega@usda.gov,954-766-9684
Probbin,Audre,aprobbin5k@whitehouse.gov,956-367-6292
Girsch,Oates,ogirschm5@technorati.com,958-326-4155
Rouzet,Lorenzo,lrouzethx@google.com.au,959-680-9945
Limrick,Kev,klimrick6d@ucsd.edu,961-547-9428
Donson,Benny,bdonson5s@latimes.com,961-960-8739
Sells,Siward,ssellspa@yahoo.co.jp,962-310-7820
Ewers,Neely,newersif@twitter.com,962-547-0603
Mitie,Fredek,fmitierp@fema.gov,964-896-6772
Kenningham,Garry,gkenninghamn3@biglobe.ne.jp,965-539-3411
Crutcher,Tobe,tcrutcherig@opera.com,965-904-6179
Heppner,Netti,nheppnerm6@boston.com,967-625-3601
Sycamore,Woody,wsycamoreow@senate.gov,967-896-9603
Kerfod,Darla,dkerfod6z@shareasale.com,968-198-7093
Bolletti,Dame,dbollettioq@goo.ne.jp,968-254-5884
Goundry,Ilyse,igoundryel@disqus.com,971-242-0529
Abell,Aguste,aabell3h@europa.eu,972-785-4332
Dallemore,Amabelle,adallemorerj@livejournal.com,974-423-0107
Pitsall,Fredric,fpitsallcx@mayoclinic.com,975-103-7817
Ponting,Niki,nponting5y@bravesites.com,975-915-7435
Edginton,Betteann,bedgintonll@artisteer.com,976-678-2181
Sopper,Fremont,fsopperij@amazon.com,977-269-2343
Clough,Aili,aclough61@ow.ly,978-406-4835
Beatey,Elaina,ebeatey6h@bluehost.com,979-108-5393
Copplestone,Fredi,fcopplestonef3@over-blog.com,979-268-4995
Boddis,Bradly,bboddisme@hp.com,979-511-8596
Gambie,Ole,ogambiely@nytimes.com,981-153-3286
Eyles,Mal,meyles91@biblegateway.com,981-703-5510
Wittering,Gabriel,gwitteringq0@sogou.com,982-601-5975
Pariss,Ashleigh,aparisskq@stumbleupon.com,982-961-7003
Marchetti,Sande,smarchetti9z@yolasite.com,984-331-9866
Shambrooke,Odella,oshambrookedu@marriott.com,985-396-8713
Coughlan,Demetrius,dcoughlan76@canalblog.com,985-620-5533
MacCheyne,Nadia,nmaccheynecn@dropbox.com,985-980-9260
McCafferky,Andy,amccafferky20@vinaora.com,986-199-3527
Callar,Amalia,acallaroc@opensource.org,987-296-9329
Pritchard,Donal,dpritchard68@prnewswire.com,987-428-1524
Hylton,Kial,khyltonrm@yelp.com,987-465-0398
Levensky,Sig,slevensky49@gov.uk,987-844-6659
Moreside,Cory,cmoresidek4@oakley.com,987-906-9382
Studholme,Barbie,bstudholmeq5@columbia.edu,988-189-1499
Trunkfield,Marianna,mtrunkfield4j@elpais.com,989-152-2825
Cooke,Kevyn,kcookep1@cyberchimps.com,989-401-8555
Poletto,Jonathan,jpoletto72@fc2.com,990-135-1996
Rosenbusch,Ali,arosenbuschas@exblog.jp,993-272-7340
Culy,Donovan,dculyj9@bloglines.com,994-562-2674
Physick,Tobe,tphysick74@google.com.au,994-899-0221
Skeldon,Dale,dskeldon5a@epa.gov,995-168-7724
Ludgrove,Rubie,rludgrovem9@infoseek.co.jp,995-671-0344
Sharples,Oona,osharplesbb@typepad.com,999-386-6484
